{"w": 1024, "h": 994, "zmin": 1199.469970703125, "zmax": 1419.6373291015625, "worldW": 837.8189315999625, "worldH": 813.4895027999636}